項目,名稱,電話,地址縣市,地址鄉鎮市區,地址
公私協力及私立托嬰中心,彰化基督教醫院職工福利委員會附設托嬰中心,04-7114013,10007,10007010,彰化縣彰化市大埔路485巷106-1號
公私協力及私立托嬰中心,捷樂蒂托嬰中心,04-7381071,10007,10007010,彰化縣彰化市彰南路2段256之18號2樓
公私協力及私立托嬰中心,喬依思托嬰中心,04-7235658,10007,10007010,彰化縣彰化市三民路237巷41號
公私協力及私立托嬰中心,嘟嘟托嬰中心,04-7203646,10007,10007010,彰化縣彰化市仁愛路67巷11號
公私協力及私立托嬰中心,向陽托嬰中心,04-7261091,10007,10007010,彰化縣彰化市光南里南校街56號1-3樓
公私協力及私立托嬰中心,太陽托嬰中心,04-7293789,10007,10007010,彰化縣彰化市公園路1段284號
公私協力及私立托嬰中心,耕新托嬰中心,04-7638866,10007,10007010,彰化縣彰化市天祥路313號1樓
公私協力及私立托嬰中心,多多托嬰中心,04-7385850,10007,10007010,彰化縣彰化市大竹里安溪東路4之1號1-2樓
公私協力及私立托嬰中心,小甜甜托嬰中心,04-7271657,10007,10007010,彰化縣彰化市和調里實踐路58之1號
公私協力及私立托嬰中心,格林托嬰中心,04-7389952,10007,10007010,彰化縣彰化市福山里山中街1-5號
公私協力及私立托嬰中心,山姆叔叔托嬰中心,04-7285878,10007,10007010,彰化縣彰化市三民路279巷5號2樓
公私協力及私立托嬰中心,勁寶兒海頓托嬰中心,04-7111738,10007,10007010,彰化縣彰化市瑞陽街30號
公私協力及私立托嬰中心,鵝媽媽托嬰中心,04-7121157,10007,10007010,彰化縣彰化市大埔路485巷10號1樓
公私協力及私立托嬰中心,威格托嬰中心,04-7255850,10007,10007010,彰化縣彰化市旭光路217號
公私協力及私立托嬰中心,袋鼠媽咪托嬰中心,04-7272789,10007,10007010,彰化縣彰化市辭修路128巷1號
公私協力及私立托嬰中心,爵諾威爾托嬰中心,04-7272755,10007,10007010,彰化縣彰化市彰安里22鄰民族路199號
公私協力及私立托嬰中心,貝恩托嬰中心,04-7287456,10007,10007010,彰化縣彰化市民族路131號2-3樓
公私協力及私立托嬰中心,富幼托嬰中心,04-7271990,10007,10007010,彰化縣彰化市成功路313號1-2樓
公私協力及私立托嬰中心,吉兒園托嬰中心,04-7226857,10007,10007010,彰化縣彰化市忠誠路48號
公私協力及私立托嬰中心,愛堡托嬰中心,04-7620270,10007,10007010,彰化縣彰化市南館街72號2樓
公私協力及私立托嬰中心,勁寶兒東興托嬰中心,04-8390682,10007,10007100,彰化縣員林市南潭路69巷6弄8號
公私協力及私立托嬰中心,愛婗托嬰中心,04-8351914,10007,10007100,彰化縣員林市仁美里和平東街34號1-2樓
公私協力及私立托嬰中心,杜威托嬰中心,04-838565604-8382398,10007,10007100,彰化縣員林市靜修東路135、137號1、2樓
公私協力及私立托嬰中心,迪士尼托嬰中心,04-8328882,10007,10007100,彰化縣員林市忠孝街257號
公私協力及私立托嬰中心,百晨托嬰中心,04-8612906,10007,10007110,彰化縣溪湖鎮培英路76號1-2樓
公私協力及私立托嬰中心,加恩托嬰中心,04-8613568,10007,10007110,彰化縣溪湖鎮行政街306號
公私協力及私立托嬰中心,樂遊托嬰中心,04-8851088,10007,10007110,彰化縣溪湖鎮環西路88號2樓
公私協力及私立托嬰中心,葡萄園托嬰中心,04-8815166,10007,10007110,彰化縣溪湖鎮大公路347號
公私協力及私立托嬰中心,約克托嬰中心,04-7351749,10007,10007030,彰化縣和美鎮彰和路2段46號
公私協力及私立托嬰中心,和美小豆豆托嬰中心,04-7366626,10007,10007030,彰化縣和美鎮糖友里彰新路3段226號
公私協力及私立托嬰中心,勁寶兒北斗托嬰中心,04-8870686,10007,10007190,彰化縣北斗鎮東斗路10-11號
公私協力及私立托嬰中心,華桀托嬰中心,04-8781525,10007,10007190,彰化縣北斗鎮光前路23號
公私協力及私立托嬰中心,普林斯頓托嬰中心,04-7715366,10007,10007020,彰化縣鹿港鎮鹿和路3段500號
公私協力及私立托嬰中心,彰化縣私立秀傳醫療財團法人彰濱秀傳紀念醫院附設托嬰中心,04-7813888轉71797,10007,10007020,彰化縣鹿港鎮鹿工路1-1號
公私協力及私立托嬰中心,美兒堡托嬰中心,04-7867266,10007,10007080,彰化縣花壇鄉橋頭村花南路66號2樓
公私協力及私立托嬰中心,育成托嬰中心,04-7872679,10007,10007080,彰化縣花壇鄉長沙村中正路66號1樓
公私協力及私立托嬰中心,快樂寶貝托嬰中心,04-8531831,10007,10007130,彰化縣大村鄉中正西路280巷2弄53號
公私協力及私立托嬰中心,愛兒托嬰中心,04-7697098,10007,10007070,彰化縣秀水鄉安東村枋林巷75-12號
公私協力及私立托嬰中心,康橋托嬰中心,04-7687657,10007,10007070,彰化縣秀水鄉福安村中山路436巷6弄1號1-2樓
公私協力及私立托嬰中心,強森永靖托嬰中心,04-8220957,10007,10007160,彰化縣永靖鄉永寧街46巷20號
公私協力及私立托嬰中心,綠荳籽托嬰中心,04-7252511,10007,10007010,彰化縣彰化市泰和中街282號
