﻿編號,行政區,機構類別,合約醫療院所名稱,連絡電話,地址
1,北屯區四民,衛生所,臺中市北屯區四民衛生所,(04)24211945,臺中市北屯區后庄路1062號
2,北屯區四民,合約醫療院所,張廣智耳鼻喉科診所,(04)22924703,臺中市北屯區中清路二段531號
3,北屯區四民,合約醫療院所,曾耳鼻喉科診所,(04)22956969,臺中市北屯區中清路二段326號
4,北屯區四民,合約醫療院所,吉祥耳鼻喉科診所,(04)22467388,臺中市北屯區崇德路二段461號
5,北屯區四民,合約醫療院所,王秉菴小兒科診所,(04)22427966,臺中市北屯區崇德路二段297號
6,北屯區四民,合約醫療院所,蘇益寬小兒科診所,(04)22956686,臺中市北屯區大連路一段4號
7,北屯區四民,合約醫療院所,符乾龍小兒科診所,(04)22959123,臺中市北屯區大鵬路64號
8,北屯區四民,合約醫療院所,莊雅旭小兒科診所,(04)22411723,臺中市北屯區松竹路二段155號
9,北屯區四民,合約醫療院所,王佑賢小兒科診所,(04)22474792,臺中市北屯區興安路二段419號
10,北屯區四民,合約醫療院所,劉昌興小兒科診所,(04)24221656,臺中市北屯區四平路352號
11,北屯區四民,合約醫療院所,劉錦理小兒科診所,(04)24227074,臺中市北屯區后庄路1102號
12,北屯區四民,合約醫療院所,王榮森小兒科診所,(04)22451674,臺中市北屯區昌平路二段11-9號
13,北屯區四民,合約醫療院所,惠幼診所,(04)22919222,臺中市北屯區中清路二段490號
14,北屯區四民,合約醫療院所,小蘋果小兒科診所,(04)22951800,臺中市北屯區山西路二段264號
15,北屯區四民,合約醫療院所,林子巡診所,(04)22413636,臺中市北屯區松竹路二段667號
16,北屯區四民,合約醫療院所,萊恩耳鼻喉科診所,(04)22466000,臺中市北屯區崇德路二段205號
17,北屯區四民,合約醫療院所,明陽診所,(04)24227333,臺中市北屯區昌平路二段46號
18,北屯區四民,合約醫療院所,翔霖診所,(04)22410725,臺中市北屯區崇德路二段452號
19,北屯區四民,合約醫療院所,駿朋診所,(04)22951778,臺中市北屯區中清路二段616號
20,北屯區四民,合約醫療院所,永新診所,(04)22467799,臺中市北屯區松竹路二段159號
21,北屯區四民,合約醫療院所,韓勝通耳鼻喉科診所,(04)22936889,臺中市北屯區中清路二段716號
22,北屯區四民,合約醫療院所,見安診所,(04)24228183,臺中市北屯區北屯區四平路451號
23,北屯區四民,合約醫療院所,文彥診所,(04)22425892,臺中市北屯區昌平路二段8-20號
24,北屯區四民,合約醫療院所,元亨診所,(04)22413959,臺中市北屯區松竹路二段303號
25,北屯區四民,合約醫療院所,芊翔耳鼻喉科診所,(04)22478003,臺中市北屯區松竹路二段317號
26,北屯區四民,合約醫療院所,佑康診所,(04)22923922,臺中市北屯區中清路二段586號
27,北屯區四民,合約醫療院所,中清診所,(04)22919259,臺中市北屯區中清路二段433號
28,北屯區四民,合約醫療院所,愛兒診所,(04)22472837,臺中市北屯區昌平路二段1之2號
29,北屯區四民,合約醫療院所,昆海診所,(04)22925045,臺中市北屯區中清路二段268號
30,北屯區四民,合約醫療院所,永安水湳診所,(04)22959666,臺中市北屯區中清路二段519號
31,北屯區軍功,衛生所,臺中市北屯區軍功衛生所,(04)22392638,臺中市北屯區軍功路二段16號
32,北屯區軍功,合約醫療院所,大源診所,(04)22415463,臺中市北屯區興安路一段335號
33,北屯區軍功,合約醫療院所,仁安診所,(04)24392109,臺中市北屯區部子路327號
34,北屯區軍功,合約醫療院所,仁曜診所,(04)24376568,臺中市北屯區景賢路196號1.2樓
35,北屯區軍功,合約醫療院所,幼恩小兒科診所,(04)24376238,臺中市北屯區東山路一段298-2號1.2F
36,北屯區軍功,合約醫療院所,陳茂庭外婦科診所,(04)22352233,臺中市北屯區昌平路一段86號
37,北屯區軍功,合約醫療院所,北屯誠心診所（誠光耳鼻喉科),(04)22335220,臺中市北屯區北屯路222號
38,北屯區軍功,合約醫療院所,弘光診所,(04)24360305,臺中市北屯區東山路一段308號
39,北屯區軍功,合約醫療院所,東山家庭醫學科診所,(04)24360305,臺中市北屯區東山路一段308號
40,北屯區軍功,合約醫療院所,光馨家庭醫學科診所,(04)22341479,臺中市北屯區北屯路385號
41,北屯區軍功,合約醫療院所,昌平診所,(04)22472050,臺中市北屯區昌平路一段105號3樓
42,北屯區軍功,合約醫療院所,維民診所,(04)24350198,臺中市北屯區太順路112號2樓
43,北屯區軍功,合約醫療院所,安安診所,(04)22304309,臺中市北屯區北屯路299-4號1F
44,北屯區軍功,合約醫療院所,承安耳鼻喉科診所,(04)22425252,臺中市北屯區北屯路441號
45,北屯區軍功,合約醫療院所,承康診所,(04)24377838,臺中市北屯區東山路一段300-1號
46,北屯區軍功,合約醫療院所,芳鄰診所,(04)24371433,臺中市北屯區東山路一段240號
47,北屯區軍功,合約醫療院所,京冠診所,(04)22471166,臺中市北屯區崇德路二段252號
49,北屯區軍功,合約醫療院所,家興禾樂診所,(04)24364897,臺中市北屯區東山路一段332-13號
50,北屯區軍功,合約醫療院所,陳憲立小兒科診所,(04)22335878,臺中市北屯區昌平路一段42號
51,北屯區軍功,合約醫療院所,許明正婦產科診所,(04)22379191,臺中市北屯區文心路四段750號
52,北屯區軍功,合約醫療院所,鼎好聯合診所,(04)24378437,臺中市北屯區軍功路一段511號
53,北屯區軍功,合約醫療院所,榮曜診所,(04)22387838,臺中市北屯區北屯路409之43號4樓之1
54,北屯區軍功,合約醫療院所,劉安耳鼻喉科診所,(04)24362788,臺中市北屯東山路一段225-2號
55,北屯區軍功,合約醫療院所,謝東運耳鼻喉科診所,(04)24376608,臺中市北屯區軍功路一段487-1號
56,北屯區軍功,合約醫療院所,小森林診所,(04)22476567,臺中市北屯區大連路二段223號
57,北屯區軍功,合約醫療院所,林士聰小兒科診所,(04)22410390,臺中市北屯區大連路二段231號一樓
58,北屯區軍功,合約醫療院所,方德涵小兒科診所,(04)24369555,臺中市北屯區太順路82號
59,北屯區軍功,合約醫療院所,寶存家庭醫學科診所,(04)22375851,臺中市北屯區青島路四段130號
60,北屯區軍功,合約醫療院所,吳明峰診所,(04)22368389,臺中市北屯區青島路四段19號
61,北屯區軍功,合約醫療院所,輝佑診所,(04)24376238,臺中市東山路一段298-2號1.2F
62,北屯區軍功,合約醫療院所,康康診所,(04)22461925,臺中市北屯區北屯路428-3號
63,北屯區軍功,合約醫療院所,優幼診所,(04)22493636,臺中市北屯區北屯路435-16號
64,北屯區軍功,合約醫療院所,茂盛醫院,(04)22347057,臺中市北屯區昌平路一段30-6號
65,北屯區軍功,合約醫療院所,楊醫師小兒科診所,(04)22430092,臺中市北屯區昌平路一段356-1號
66,北屯區軍功,合約醫療院所,蘇游耳鼻喉科診所,(04)22462420,臺中市北屯區昌平路一段99之3號
67,北屯區軍功,合約醫療院所,聯安醫院,(04)22441995,臺中市北屯區東山路一段37號
68,北屯區軍功,合約醫療院所,李彥德耳鼻喉科診所,(04)24373125,臺中市北屯區軍功路一段732號
69,北屯區軍功,合約醫療院所,林育民診所,(04)22317459,臺中市北屯區熱河路二段57號
70,北屯區軍功,合約醫療院所,和生診所,(04)22474788,臺中市北屯區興安路一段320號
71,北屯區軍功,合約醫療院所,鎧緯耳鼻喉科診所,(04)24369187,臺中市北屯區景賢路276號
72,北屯區軍功,合約醫療院所,寶健耳鼻喉科診所,(04)24369053,臺中市北屯區東山路一段216之23號
73,北屯區軍功,合約醫療院所,瑞健診所,(04)22416859,臺中市北屯區興安路一段341號
74,西屯區,衛生所,臺中市西屯區衛生所,(04)27027068,臺中市西屯區西屯路二段299號
75,西屯區,合約醫療院所,佑家親子診所,(04)27086866,臺中市西屯區青海路二段242之31號
76,西屯區,合約醫療院所,崇芳小兒科家庭醫學科聯合診所,(04)24652525,臺中市西屯區福科路419號
77,西屯區,合約醫療院所,平安診所,(04)23277206,臺中市西屯區大墩路917-1號
78,西屯區,合約醫療院所,榛果耳鼻喉科,(04)23104668,臺中市西屯區東興路三段379號
79,西屯區,合約醫療院所,辛隆士家醫科診所,(04)23284798,臺中市西屯區東興路三段369號
80,西屯區,合約醫療院所,東榮診所,(04)23583769,臺中市西屯區中工三路78號
81,西屯區,合約醫療院所,澄清綜合醫院中港院區,(04)24632000,臺中市西屯區臺灣大道四段966號
82,西屯區,合約醫療院所,佑兒診所,(04)23205177,臺中市西屯區大墩路887號
83,西屯區,合約醫療院所,漢諾威家庭醫學科診所,(04)23173069,臺中市西屯區青海路一段112號
84,西屯區,合約醫療院所,林婦產科診所,(04)24514639,臺中市西屯區河南路二段420號
85,西屯區,合約醫療院所,陳建富內科診所,(04)22552098,臺中市西屯區黎明路二段751號
86,西屯區,合約醫療院所,義鈜診所,(04)24617000,臺中市西屯區安和路166號
87,西屯區,合約醫療院所,和德診所,(04)23151156,臺中市西屯區西屯路二段100-18號
88,西屯區,合約醫療院所,陳亮宇耳鼻喉科診所,(04)23203888,臺中市西屯區大墩路995號
89,西屯區,合約醫療院所,溢恩診所,(04)24616186,臺中市西屯區西屯路三段166-12號
90,西屯區,合約醫療院所,裕仁診所,(04)23199791,臺中市西屯區大墩十九街208-2號
91,西屯區,合約醫療院所,長泓診所,(04)23582866,臺中市西屯區中工3路65號
92,西屯區,合約醫療院所,楊朝弘診所,(04)23169555,臺中市西屯區大信街50號1/2F
93,西屯區,合約醫療院所,大業診所,02-22590277,臺中市西屯區河南路四段195號
94,西屯區,合約醫療院所,安家小兒科診所,(04)22952020,臺中市西屯區大鵬路9號
95,西屯區,合約醫療院所,舒民診所,(04)24529690,臺中市西屯區福科二路8號
96,西屯區,合約醫療院所,懷生小兒科診所,(04)23176257,臺中市西屯區忠義街102號
97,西屯區,合約醫療院所,福茂小兒科診所,(04)24518758,臺中市西屯區西屯路二段273之l號
98,西屯區,合約醫療院所,陳俊宏小兒科診所,(04)23146466,臺中市西屯區青海路一段3-3號
99,西屯區,合約醫療院所,理想家小兒科診所,(04)24618096,臺中市西屯區福雅路73號
100,西屯區,合約醫療院所,佳禾診所,(04)24630596,臺中市西屯區福安路5號
101,西屯區,合約醫療院所,佳慶診所,(04)23208989,臺中市西屯區大墩十九街87號
102,西屯區,合約醫療院所,永群診所,(04)24651235,臺中市西屯路三段166-27號
103,西屯區,合約醫療院所,廖重佳內科診所,(04)23552178,臺中市西屯區福中二街8號
104,西屯區,合約醫療院所,何茂霖小兒科診所,(04)24528833,臺中市西屯區福星路2之1號
105,西屯區,合約醫療院所,瑞安診所,(04)24633530,臺中市西屯區福科路946號
106,西屯區,合約醫療院所,丞右診所,(04)23160001,臺中市西屯區華美西街二段351號
107,西屯區,合約醫療院所,福瑞診所,(04)24637728,臺中市西屯區福泰東路51號
108,西屯區,合約醫療院所,翁耳鼻喉科診所,(04)24526346,臺中市西屯區青海路二段209-3號
109,西屯區,合約醫療院所,曾曉鐘小兒科診所,(04)27036888,臺中市西屯區河南路二段496號
110,西屯區,合約醫療院所,傑安內科診所,(04)24516322,臺中市西屯區河南路二段246號
111,西屯區,合約醫療院所,吉安診所,(04)23135698,臺中市西屯區青海路一段65-2號
112,西屯區,合約醫療院所,禾馨安和婦幼診所,(04)23585333,臺中市西屯區安和路118-18號
113,西屯區,合約醫療院所,臺中榮民總醫院,(04)23592525,臺中市西屯區臺灣大道4段1650號
114,西屯區,合約醫療院所,世民小兒科診所,(04)27083456,臺中市西屯區河南路2段411、413號
115,西屯區,合約醫療院所,祥威耳鼻喉科兒科診所,(04)27000132,臺中市西屯區青海路二段240之8號
116,西屯區,合約醫療院所,醫鄰職業醫學科診所,(04)24525747,臺中市西屯區黎明路三段391號
117,西屯區,合約醫療院所,和賢耳鼻喉科診所,(04)24261802,臺中市西屯區中清路二段1386巷23號
118,西屯區,合約醫療院所,幼光診所,(04)24615033,臺中市西屯區玉門路478號
119,西屯區,合約醫療院所,福安耳鼻喉科,(04)24650233,臺中市西屯區西屯路三段153-2號
120,西屯區,合約醫療院所,陳永忠小兒科診所,(04)24619339,臺中市西屯區西屯路三段159-68號
121,西屯區,合約醫療院所,三和診所,(04)23157982,臺中市西屯區甘肅路一段78號
122,西屯區,合約醫療院所,奇譽耳鼻喉科診所,(04)24523939,臺中市西屯區西屯路二段255號
123,西屯區,合約醫療院所,大道診所,(04)23122060,臺中市西屯區文心路三段61-7號
124,西屯區,合約醫療院所,歐葉診所,(04)24611216,臺中市西屯區福科路507號
125,西屯區,合約醫療院所,蘇家龍診所,(04)27085151,臺中市西屯區黎明路三段421號
126,西屯區,合約醫療院所,禾蓮診所,(04)24529685,臺中市西屯區逢甲路162-5號2F
127,西屯區,合約醫療院所,澄清復健醫院,(04)24612366,臺中市西屯區敬德街8之1號
128,南屯區,衛生所,臺中市南屯區衛生所,(04)23827640,臺中市南屯區向心南路811號1樓
129,南屯區,合約醫療院所,法務部矯正署臺中監獄附設培德醫院,(04)23814169,臺中市南屯區培德路9號
130,南屯區,合約醫療院所,林新醫療社團法人林新醫院,(04)22586688,臺中市南屯區惠中路三段36號
131,南屯區,合約醫療院所,醫療財團法人正德癌症醫療基金會佛教正德醫院,(04)37026588,臺中市南屯區文心南五路三段100號
132,南屯區,合約醫療院所,加寧診所,(04)22587087,臺中市南屯區河南路四段393號1、2樓
133,南屯區,合約醫療院所,媽媽咪亞診所,(04)23190707,臺中市南屯區公益路二段60號1樓
134,南屯區,合約醫療院所,薛凱中診所,(04)24716898,臺中市南屯區大墩路383號1樓
135,南屯區,合約醫療院所,佳鴻診所,(04)24739868,臺中市南屯區文心南2路229號1樓
136,南屯區,合約醫療院所,邢志宇耳鼻喉科診所,(04)24735806,臺中市南屯區南屯路二段252號1樓、2樓
137,南屯區,合約醫療院所,忠勇診所,(04)23826625,臺中市南屯區忠勇路67之3號1樓、2樓
138,南屯區,合約醫療院所,仁欣診所,(04)23803265,臺中市南屯區黎明東街229號1樓
139,南屯區,合約醫療院所,敬康耳鼻喉科診所,(04)23282070,臺中市南屯區大業路229號1樓
140,南屯區,合約醫療院所,大容診所,(04)23288521,臺中市南屯區大容東街14號1、2樓
141,南屯區,合約醫療院所,宏凱診所,(04)23802778,臺中市南屯區忠勇路79之3號1樓
142,南屯區,合約醫療院所,誠心兒科診所,(04)24719001,臺中市南屯區東興路二段33號1、2樓
143,南屯區,合約醫療院所,郭品君診所,(04)23817333,臺中市南屯區黎明路一段1059、1061號一樓
144,南屯區,合約醫療院所,明道小兒科診所,(04)23845795,臺中市南屯區向心南路933號
145,南屯區,合約醫療院所,李漢亮小兒科診所,(04)23851435,臺中市南屯區忠勇路41之3號
146,南屯區,合約醫療院所,張家強診所,(04)22591683,臺中市南屯區黎明路二段490號1樓
147,南屯區,合約醫療院所,親子診所,(04)23862626,臺中市南屯區黎明路一段1091號
148,南屯區,合約醫療院所,蘇德慶診所,(04)24717572,臺中市南屯區東興路二段57號一樓
149,南屯區,合約醫療院所,施勝桓小兒科診所,(04)22581985,臺中市南屯區黎明路二段286號1樓、2樓
150,南屯區,合約醫療院所,葉晉榮診所,(04)23869209,臺中市南屯區忠勇路70之9號
151,南屯區,合約醫療院所,董建宗小兒科診所,(04)23203873,臺中市南屯區大墩路508號一樓
152,南屯區,合約醫療院所,賴東昇小兒科診所,(04)23280188,臺中市南屯區大業路93號一樓
153,南屯區,合約醫療院所,汪小兒科診所,(04)23811388,臺中市南屯區黎明路二段15號1樓
154,南屯區,合約醫療院所,林俊彥小兒科診所,(04)24702058,臺中市南屯區黎明路一段229號一樓
155,南屯區,合約醫療院所,寶貝熊小兒科診所,(04)22517622,臺中市南屯區公益路二段362、366號一樓
156,南屯區,合約醫療院所,姚耳鼻喉科診所,(04)23850089,臺中市南屯區忠勇路25-6號1樓
157,南屯區,合約醫療院所,張文吉小兒科診所,(04)24724988,臺中市南屯區向上南路1段273號1樓
158,南屯區,合約醫療院所,林子凱耳鼻喉科診所,(04)23105758,臺中市南屯區公益路二段19號1樓
159,南屯區,合約醫療院所,小熊小兒科診所,(04)24759999,臺中市南屯區向上南路1段179號1樓
160,南屯區,合約醫療院所,幼安診所,(04)24751579,臺中市南屯區大墩路263號1、2樓
161,南屯區,合約醫療院所,閤安診所,(04)24792800,臺中市南屯區楓和路691號1樓
162,南屯區,合約醫療院所,周省村診所,(04)24723316,臺中市南屯區東興路二段42號1樓
163,南屯區,合約醫療院所,瑞東診所,(04)23892301,臺中市南屯區文山三街133巷11號1、2、3、4、5樓
164,南屯區,合約醫療院所,康普頓診所,(04)23226766,臺中市南屯區向上路一段658號1樓、2樓
165,南屯區,合約醫療院所,主悅診所,(04)22540711,臺中市南屯區干城街269號1樓
166,南屯區,合約醫療院所,鄭盛源耳鼻喉科診所,(04)22512513,臺中市南屯區黎明東街151號1樓
167,南屯區,合約醫療院所,佳杏診所,(04)24716016,臺中市南屯區大墩五街292號1樓
168,南屯區,合約醫療院所,祥威黎明耳鼻喉科兒科診所,(04)22541898,臺中市南屯區黎明路二段446號1樓及夾層
169,南屯區,合約醫療院所,英宏診所,(04)24735729,臺中市南屯區豐富路312號1樓
170,南屯區,合約醫療院所,辰光診所,(04)24796767,臺中市南屯區黎明路一段154號1、2樓
171,南屯區,合約醫療院所,優康家診所,(04)22528787,臺中市南屯區永春東七路889號1樓
172,南屯區,合約醫療院所,姜封豪診所,(04)23808897,臺中市南屯區永春東七路837號1樓
173,南屯區,合約醫療院所,文良診所,(04)23897192,臺中市南屯區黎明路一段1139號
174,南屯區,合約醫療院所,偉宏診所,(04)23827629,臺中市南屯區黎明路一段1110號
175,南屯區,合約醫療院所,華生診所,(04)22556622,臺中市南屯區黎明路二段496號
176,南屯區,合約醫療院所,王欽耀診所,(04)23832245,臺中市南屯區忠勇路43-2號1、2樓
177,南屯區,合約醫療院所,蘇晉暉診所,(04)23832676,臺中市南屯區向心路35號
178,南屯區,合約醫療院所,維信華信聯合門診維信小兒科診所,(04)23200692,臺中市南屯區大墩路471號一樓
179,南屯區,合約醫療院所,張宏興診所,(04)22530378,臺中市南屯區黎明路二段四60號一樓
180,南屯區,合約醫療院所,昱宏診所,(04)23205346,臺中市南屯區大隆路119號一樓
181,南屯區,合約醫療院所,益康診所,(04)24727678,臺中市南屯區向上南路一段343號一、二樓
182,南屯區,合約醫療院所,永安診所,(04)22588881,臺中市南屯區公益路二段696號1、2樓
183,南屯區,合約醫療院所,祥恩診所,(04)24717699,臺中市南屯區大墩路321號一樓、二樓
184,南屯區,合約醫療院所,大墩診所,(04)24717122,臺中市南屯區大墩路96號1、2樓
185,南屯區,合約醫療院所,鄭元凱耳鼻喉科診所,(04)22513500,臺中市南屯區河南路四段376號2樓
186,南屯區,合約醫療院所,先進診所,(04)23862433,臺中市南屯區永春東路878號1樓
187,南屯區,合約醫療院所,黎明誠心診所,(04)23891195,臺中市南屯區黎明路一段1039號1、2樓
188,南屯區,合約醫療院所,陳豐霖診所,(04)24711386,臺中市南屯區五權西路二段197號1樓
189,北區,衛生所,臺中市北區衛生所,(04)22359182,臺中市北區永興街301號4樓
190,北區,合約醫療院所,中國醫藥大學兒童醫院,(04)22052121,臺中市北區學士路95號
191,北區,合約醫療院所,國軍臺中總醫院中清分院附設民眾診療服務處,(04)22033178,臺中市北區忠明路500號
192,北區,合約醫療院所,新亞東婦產科醫院,(04)22075779,臺中市北區中清路一段403號
193,北區,合約醫療院所,正馨婦產科診所,(04)22933899,臺中市北區中清路一段820號
194,北區,合約醫療院所,天行健診所,(04)22352112,臺中市北區健行路321號
195,北區,合約醫療院所,家家診所,(04)22333333,臺中市北區三民路三段291巷24號1F
196,北區,合約醫療院所,太原診所,(04)22064565,臺中市北區太原路一段532號3樓
197,北區,合約醫療院所,巧比小兒科診所,(04)22957373,臺中市北區北平路二段43號
198,北區,合約醫療院所,祐華親子診所,(04)22925668,臺中市北區北平路2段194號
199,北區,合約醫療院所,陳正豊內科診所,(04)22955085,臺中市北區北平路二段80號
200,北區,合約醫療院所,仟順診所,(04)22316600,臺中市北區崇德路一段502號
201,北區,合約醫療院所,中國醫藥大學附設醫院,(04)22052121,臺中市北區育德路2號
202,北區,合約醫療院所,臺安醫院雙十分院,(04)22268990,臺中市北區雙十路二段29號
203,北區,合約醫療院所,勝美醫院,(04)22013333,臺中市北區五權路482號
204,北區,合約醫療院所,文冠內科診所,(04)22080199,臺中市北區學士路255號5樓
205,北區,合約醫療院所,江坤燦小兒科診所,(04)22339598,"臺中市北區進化北路118巷51,53號"
206,北區,合約醫療院所,台中家幼診所,(04)22315588,臺中市北區進化北路96號
207,北區,合約醫療院所,祥祐診所,(04)22315688,臺中市北區三民路三段348號
208,北區,合約醫療院所,光恒診所,(04)22068638,臺中市北區五權路261號1樓
209,北區,合約醫療院所,郭耳鼻喉科診所,(04)22054863,臺中市北區健行路594號
210,北區,合約醫療院所,吳英偉診所,(04)22052567,臺中市北區中清路一段57號1樓
211,北區,合約醫療院所,小太陽聯合診所,(04)22955656,臺中市北區漢口路三段179號1樓
212,北區,合約醫療院所,鄭俊智診所,(04)22957083,臺中市北區漢口路四段50號
213,北區,合約醫療院所,洪振民耳鼻喉科診所,(04)22976733,臺中市北區中清路一段612號
214,北區,合約醫療院所,弘安家庭醫學科診所,(04)22978068,臺中市北區天津路二段166號
215,北區,合約醫療院所,林健家庭醫學科診所,(04)22339177,臺中市北區進化路643號
216,北區,合約醫療院所,林燄小兒科診所,(04)22050512,臺中市北區健行路659號
217,北區,合約醫療院所,欣揚診所,(04)22373880,臺中市北區漢口路四段306號
218,北區,合約醫療院所,展弘耳鼻喉科診所,(04)22307388,臺中市北區漢口路4段322號
219,北區,合約醫療院所,謝佳璋小兒科,(04)22355918,臺中市北區漢口路4段300號
220,北區,合約醫療院所,施俊哲診所,(04)22067148,臺中市北區忠明路510號一樓
221,北區,合約醫療院所,陳世爵診所,(04)23296088,臺中市北區英才路386-8號
222,北區,合約醫療院所,秀慧診所,(04)22031830,臺中市北區忠太東路58之12號
223,北區,合約醫療院所,品家診所,(04)22086068,臺中市北區西屯路一段496-1號
224,北區,合約醫療院所,永旭診所,(04)22066767,臺中市北區民權路353號之1樓
225,北區,合約醫療院所,紀外科泌尿科診所,(04)22050357,臺中市北區梅亭街479號
226,北區,合約醫療院所,施永泰小兒科診所,(04)22363426,臺中市北區梅亭街200號
227,北區,合約醫療院所,呂錦泉小兒科診所,(04)22334393,臺中市北區崇德路一段119號
228,北區,合約醫療院所,慈仁診所,(04)22057398,臺中市北區五權路488-8號6樓
229,北區,合約醫療院所,耀隆診所,(04)22935200,臺中市北區陝西路27-1號
230,北區,合約醫療院所,家昌耳鼻喉科診所,(04)22993888,臺中市北區陜西路62號1樓
231,北區,合約醫療院所,承鴻耳鼻喉科診所,(04)22920000,臺中市北區中清路一段830號
232,北區,合約醫療院所,康暉耳鼻喉科,(04)22966161,臺中市北區中清路一段798號
233,北區,合約醫療院所,翔恩診所,(04)22066186,臺中市北區五權路277號
234,北區,合約醫療院所,許文俊小兒科診所,(04)22350366,臺中市北區進化北路265號
235,北區,合約醫療院所,現代診所,(04)22387387,臺中市北區進化北路163號
236,北區,合約醫療院所,詠康耳鼻喉科診所,(04)22352015,臺中市北區學士路312號
237,北區,合約醫療院所,俊霖診所,(04)22085948,臺中市北區忠明八街32號
238,北區,合約醫療院所,張右川診所,(04)22329988,臺中市北區興進路211-2號
239,西區,衛生所,臺中市中西區衛生所,(04)22223811,臺中市西區民權路105號
240,西區,合約醫療院所,衛生福利部臺中醫院,(04)22294411,臺中市西區三民路一段199號
241,西區,合約醫療院所,曙光小兒科診所,(04)23758822,臺中市西區五權西三街81號
242,西區,合約醫療院所,賴永章小兒科,(04)23714599,臺中市西區大全街41號
243,西區,合約醫療院所,蔡小兒診所,(04)23726497,臺中市西區五權路2-62號
244,西區,合約醫療院所,丁鴻志婦產科診所,(04)23207082,臺中市西區臺灣大道二段181號3樓
245,西區,合約醫療院所,阮春閔小兒科診所,(04)23757456,臺中市西區南屯路一段148號1樓
246,西區,合約醫療院所,康貝兒小兒科診所,(04)24720515,臺中市西區向上路一段553號
247,西區,合約醫療院所,王道文聯合門診王道文小兒科診所,(04)23147939,臺中市西區太原路1段38號1樓
248,西區,合約醫療院所,樂恩診所,(04)22221256,臺中市西區五權路29-8號
249,西區,合約醫療院所,劉彥山診所,(04)24726518,臺中市西區向上路一段361號
250,西區,合約醫療院所,吳東洀小兒科診所,(04)23029672,臺中市美村路一段362號
251,西區,合約醫療院所,美村婦產科診所,(04)23787212,臺中市西區美村路1段588號
252,西區,合約醫療院所,美麗兒小兒科診所,(04)23020333,臺中市西區向上路一段246號
253,西區,合約醫療院所,吳榮峰小兒科診所,(04)23108006,臺中市西區公益路1段252號
254,西區,合約醫療院所,劉義昇診所,(04)23101477,臺中市西區公益路238號
255,西區,合約醫療院所,向安診所,(04)23026182,臺中市西區忠明南路303號1樓
256,西區,合約醫療院所,蔡芬苓小兒科診所,(04)23131531,臺中市西區太原路一段212之1號
257,西區,合約醫療院所,合佳康診所,(04)23283693,臺中市西區英才路460號
258,西區,合約醫療院所,曜廷診所,(04)23012428,臺中市西區向上北路166號
259,西區,合約醫療院所,醫世紀診所,(04)23720286,臺中市西區美村路一段795號
260,西區,合約醫療院所,夏幸賢診所,(04)22227885,臺中市西區三民路一段152-3號
261,西區,合約醫療院所,維一診所,(04)23139987,臺中市西區太原路一段220號
262,西區,合約醫療院所,林森醫院,(04)22227800,臺中市西區三民路一段152-1號
263,西區,合約醫療院所,李潤宇診所,(04)23016659,臺中市西區向上路一段251號
264,西區,合約醫療院所,東平診所,(04)22224171,臺中市中區臺灣大道一段555號
265,西區,合約醫療院所,家妍診所,(04)23282888,臺中市西區美村路一段65號
266,西區,合約醫療院所,柏羽診所,(04)23255018,臺中市西區博館路115號
267,西區,合約醫療院所,雙安耳鼻喉診所,(04)23020805,臺中市西區向上路一段270號
268,西區,合約醫療院所,惠騰內科診所,0-423758851,臺中市西區三民路一段149號1F
269,中區,合約醫療院所,澄清綜合醫院,(04)24632000,臺中市中區平等路139號
270,中區,合約醫療院所,仁愛醫療財團法人台中仁愛醫院,(04)22255450,臺中市中區柳川東路3段36號
271,中區,合約醫療院所,第一醫院,(04)22221122,臺中市中區民族路184號
272,中區,合約醫療院所,新笙聯合診所,(04)22226166,臺中市中區民權路100號
273,中區,合約醫療院所,明祐耳鼻喉科診所,(04)22220007,臺中市中區民權路160號
274,南區,衛生所,臺中市南區衛生所,(04)22629735,臺中市南區南和里工學路72號2樓
275,南區,合約醫療院所,中山醫學大學附設醫院,(04)24739595,臺中市南區樹德里建國北路一段110號
276,南區,合約醫療院所,中山醫學大學附設醫院中興分院,(04)22621652,臺中市南區和平里復興路二段11號
277,南區,合約醫療院所,正安家醫科診所,(04)22637502,臺中市南區工學里高工路91號
278,南區,合約醫療院所,永佳診所,(04)22655226,臺中市南區福順里美村路二段156號1、2樓
279,南區,合約醫療院所,永和耳鼻喉科診所,(04)22617938,臺中市南區永興里工學路13-22號
280,南區,合約醫療院所,白耳鼻喉科診所,(04)22220600,臺中市南區新榮里學府路152號
281,南區,合約醫療院所,旭康診所,(04)22628008,臺中市南區樹義里復興路一段123號
282,南區,合約醫療院所,宏恩醫院,(04)22623123,臺中市南區和平里復興路2段38-13號
283,南區,合約醫療院所,李昭德診所,(04)23719977,臺中市南區西川里柳川東路一段100號1、2樓
284,南區,合約醫療院所,林忠立診所,(04)22619948,臺中市南區南和里美村南路58號
285,南區,合約醫療院所,林恆立耳鼻喉科診所,(04)22200602,臺中市南區長榮里復興路三段339號
286,南區,合約醫療院所,南平診所,(04)22630192,臺中市南區福順里南平路167號
287,南區,合約醫療院所,祐強診所,(04)22617128,臺中市南區南和里工學路128號1樓
288,南區,合約醫療院所,康乃文診所,(04)23756986,臺中市南區西川里三民西路232號
289,南區,合約醫療院所,康翔耳鼻喉科診所,(04)22652208,臺中市南區福順里復興路二段81號1樓
290,南區,合約醫療院所,淵元兒科診所,(04)23755460,臺中市南區西川里南屯路一段271號
291,南區,合約醫療院所,陳長庚診所,(04)22632566,臺中市南區福平里復興路二段133-1號
292,南區,合約醫療院所,陳鉉煒小兒診所科,(04)22861566,臺中市南區城隍里臺中路156號
293,南區,合約醫療院所,陳豪江診所,(04)22622132,臺中市南區福順里復興路二段100號
294,南區,合約醫療院所,陳德義小兒科診所,(04)22650913,臺中市南區永興里美村南路147號
295,南區,合約醫療院所,復興家庭醫學科診所,(04)22200482,臺中市南區長榮里復興路三段235號
296,南區,合約醫療院所,楊基瓏耳鼻喉科診所,(04)22243343,臺中市南區新榮里復興路三段148之2號
297,南區,合約醫療院所,瑞銘小兒科診所,(04)22652116,臺中市南區南和里工學路140號
298,南區,合約醫療院所,慶燿診所,(04)22872877,臺中市南區國光里國光路241號
299,南區,合約醫療院所,穎眾兒科診所,(04)22603549,臺中市南區工學里東興路一段7號
300,南區,合約醫療院所,羅倫檭診所,(04)22871048,臺中市南區國光里仁和路185號
301,東區,衛生所,臺中市東區衛生所,(04)22834121,臺中市東區信義街142號
302,東區,合約醫療院所,臺安醫院,(04)23602000,臺中市東區進化路203號
303,東區,合約醫療院所,中國醫藥大學附設醫院東區分院,(04)22121058,臺中市東區自由路三段296號
304,東區,合約醫療院所,華幼診所,(04)23600099,臺中市東區進化路211號
305,東區,合約醫療院所,陳國華小兒科,(04)23601245,臺中市東區進化路218之1號
306,東區,合約醫療院所,豊府診所,(04)22126228,臺中市東區旱溪東路一段293號
307,東區,合約醫療院所,佑佑診所,(04)22125628,臺中市東區十甲路501號
308,東區,合約醫療院所,祐幼診所,(04)22235114,臺中市東區臺中路121號
309,東區,合約醫療院所,安東診所,(04)22155788,臺中市東區樂業路226號
310,東區,合約醫療院所,詠馨診所,(04)22236216,臺中市東區大智路39號
311,東區,合約醫療院所,惟康耳鼻喉科診所,(04)22808716,臺中市東區建成路662號
312,東區,合約醫療院所,兆揚內科診所,(04)22121311,臺中市東區十甲路426號
313,東區,合約醫療院所,福仁診所,(04)22110315,臺中市東區福仁街146號1樓
314,東區,合約醫療院所,翔新診所,(04)22110707,臺中市東區十甲東路768號
315,東區,合約醫療院所,芯康診所,(04)22139666,臺中市東區樂業南路156號
316,東區,合約醫療院所,台新醫院,(04)22139966,臺中市東區振興路441號
317,大里區,衛生所,臺中市大里區衛生所,(04)24061500,臺中市大里區大衛路82號
318,大里區,合約醫療院所,大里陳內小兒科診所,(04)24835484,臺中市大里區大里路19號
319,大里區,合約醫療院所,小博仕診所,(04)24876666,臺中市大里區大明路302號
320,大里區,合約醫療院所,仁化診所,(04)24917887,臺中市大里區仁化路534號
321,大里區,合約醫療院所,仁愛醫療財團法人大里仁愛醫院,(04)24819900,臺中市大里區東榮路483號
322,大里區,合約醫療院所,台安診所,(04)22754666,臺中市大里區立仁路97號
323,大里區,合約醫療院所,永蘊豐禾診所,(04)24830510,臺中市大里區中興路二段111之2號
324,大里區,合約醫療院所,立人耳鼻喉科診所,(04)24832555,臺中市大里區益民路二段55號
325,大里區,合約醫療院所,江宗龍小兒科診所,(04)24821555,臺中市大里區益民路二段323號
326,大里區,合約醫療院所,吳昭寬耳鼻喉科診所,(04)24836555,臺中市大里區東榮路一段128號
327,大里區,合約醫療院所,李文軒耳鼻喉科診所,(04)24872898,臺中市大里區益民路二段271號
328,大里區,合約醫療院所,李良小兒科診所,(04)24810998,臺中市大里區益民路二段119號
329,大里區,合約醫療院所,沈宗憲診所,(04)24837655,臺中市大里區中興路二段712號
330,大里區,合約醫療院所,沛然診所,(04)24872121,臺中市大里區大明路189號
331,大里區,合約醫療院所,卓立復健科診所,(04)24835525,臺中市大里區大里路98之1號
332,大里區,合約醫療院所,欣仁診所,(04)24075266,臺中市大里區東榮路501號
333,大里區,合約醫療院所,長青診所,(04)24914476,臺中市大里區仁化路582號1樓
334,大里區,合約醫療院所,香光小兒科診所,(04)24825105,臺中市大里區中興路二段392之1號
335,大里區,合約醫療院所,悅安診所,(04)24838287,臺中市大里區大里路40號
336,大里區,合約醫療院所,祐生診所,(04)24814981,臺中市大里區東明路231號
337,大里區,合約醫療院所,軒宇診所,(04)24067095,臺中市大里區永隆路11號1樓
338,大里區,合約醫療院所,健民診所,(04)24912812,臺中市大里區健民路83之7號1樓
339,大里區,合約醫療院所,陳建利診所,(04)24935145,臺中市大里區成功路385號2樓
340,大里區,合約醫療院所,陳祥雪小兒科診所,(04)24850052,臺中市大里區新生西路42號
341,大里區,合約醫療院所,博生婦產科診所,(04)24839277,臺中市大里區德芳南路352號
342,大里區,合約醫療院所,惠群診所,(04)22761141,臺中市大里區新仁路一段123之10號
343,大里區,合約醫療院所,揚仁診所,(04)22756595,臺中市大里區新甲路1號
344,大里區,合約醫療院所,新菩提醫院,(04)24829966,臺中市大里區中興路二段621號
345,大里區,合約醫療院所,楊文澤小兒科診所,(04)24930319,臺中市大里區塗城路864號
346,大里區,合約醫療院所,聖心診所,(04)24872100,臺中市大里區東榮路350號
347,大里區,合約醫療院所,廖正雄小兒科診所,(04)24938497,臺中市大里區中興路一段167號
348,大里區,合約醫療院所,睿恩診所,(04)24822000,臺中市大里區國光路二段636號
349,大里區,合約醫療院所,劉彥昇診所,(04)24912812,臺中市大里區健民路83之7號1樓
350,大里區,合約醫療院所,蔡政益小兒科診所,(04)24870721,臺中市大里區益民路二段169號
351,大里區,合約醫療院所,顏安耳鼻喉科診所,(04)24872999,臺中市大里區益民路二段317號
352,大里區,合約醫療院所,魏文宏診所,(04)24862592,臺中市大里區中興路二段229號
353,大里區,合約醫療院所,霧峰澄清醫院,(04)24922000,臺中市大里區成功路55號
354,大里區,合約醫療院所,顧耳鼻喉科診所,(04)24966988,臺中市大里區塗城路532號
355,大里區,合約醫療院所,濟弘診所,(04)24861279,臺中市大里區中興路二段731號1樓
356,大里區,合約醫療院所,博佑診所,(04)24920606,臺中市大里區塗城路546號1樓
357,太平區,衛生所,臺中市太平區衛生所,(04)23938083,臺中市太平區中山路一段213之1號
358,太平區,合約醫療院所,宥苗診所,(04)23934406,台中市太平區育賢路335號
359,太平區,合約醫療院所,恆欣小兒科診所,(04)22737419,臺中市太平區新平路一段108號
360,太平區,合約醫療院所,惠欣婦產科診所,(04)22737419,臺中市太平區新平路一段108號
361,太平區,合約醫療院所,安欣婦產科診所,(04)23925666,臺中市太平區樹孝路6-2號
362,太平區,合約醫療院所,康祐診所,(04)23931234,臺中市太平區中山路一段220號
363,太平區,合約醫療院所,國軍臺中總醫院附設民診處,(04)23934191,臺中市太平區中山路二段348號
364,太平區,合約醫療院所,馮少雄小兒科診所,(04)22783060,臺中市太平區中平路121號
365,太平區,合約醫療院所,建志耳鼻喉科診所,(04)22766899,臺中市太平區中興路110號
366,太平區,合約醫療院所,卓小兒科診所,(04)22769879,臺中市太平區中興路51-2號
367,太平區,合約醫療院所,文貴旺診所,(04)22794321,臺中市太平區太平路326號
368,太平區,合約醫療院所,禎宏診所,(04)23959209,臺中市太平區新興路22號
369,太平區,合約醫療院所,家宜診所,(04)23937373,臺中市太平區樹孝路506號
370,太平區,合約醫療院所,弘鑫耳鼻喉科診所,(04)23933595,臺中市太平區樹孝路202號
371,太平區,合約醫療院所,耀仁診所,(04)23939815,臺中市太平區樹孝路39-7號
372,太平區,合約醫療院所,幼康小兒科診所,(04)22738885,臺中市太平區中山路三段139號
373,太平區,合約醫療院所,蔡醫師小兒科診所,(04)22770206,臺中市太平區宜昌路556號
374,太平區,合約醫療院所,長安醫院,(04)36113611,臺中市太平區永平路一段9號
375,太平區,合約醫療院所,祥威新光耳鼻喉科,(04)23938119,臺中市太平區育賢路350號
376,太平區,合約醫療院所,珞誠診所,(04)23931514,臺中市太平區立功路288號
377,太平區,合約醫療院所,新勝診所,(04)22785988,臺中市太平區中平里中平九街38號
378,太平區,合約醫療院所,洪士明診所,(04)22730640,臺中市太平區宜昌里宜昌路527號
379,太平區,合約醫療院所,勤益診所,(04)23933999,臺中市太平區坪林里中山路一段319號1樓
380,太平區,合約醫療院所,佳恩聯合診所,(04)23926762,臺中市太平區光明里中山路二段372之1號
381,太平區,合約醫療院所,慶華診所,(04)23925519,臺中市太平區光明里中山路二段412之1號
382,太平區,合約醫療院所,健康診所,(04)23927267,臺中市太平區光明里中山路二段434號
383,太平區,合約醫療院所,賢德醫院,(04)22732551,臺中市太平區宜昌里宜昌路420號
384,太平區,合約醫療院所,宜欣診所,(04)22765683,臺中市太平區宜佳里宜佳街10號
385,太平區,合約醫療院所,美馥兒婦產科診所,(04)23929266,臺中市太平區新城里樹孝路259號
386,太平區,合約醫療院所,黃健郎耳鼻喉科診所,(04)23917936,臺中市太平區新城里樹孝路14號
387,太平區,合約醫療院所,太平王耳鼻喉科診所,(04)22709170,臺中市太平區中興里中興路58號
388,太平區,合約醫療院所,正安診所,(04)23959822,臺中市太平區新光里樹德路69巷4號
389,太平區,合約醫療院所,榮平診所,(04)22766133,臺中市太平區永平里東平路513號
390,太平區,合約醫療院所,新太平澄清醫院,(04)22789900,臺中市太平區中興里中興路100號
391,太平區,合約醫療院所,呂其嘉婦產科診所,(04)22750158,臺中市太平區中平里中平路151之5號
392,太平區,合約醫療院所,順輝內科診所,(04)22786845,臺中市太平區中平里成功東路2號
393,太平區,合約醫療院所,順智診所,(04)22772766,臺中市太平區長億里太平路95號
394,太平區,合約醫療院所,健友診所,(04)22777687,臺中市太平區光隆里興隆路一段238號
395,太平區,合約醫療院所,安興診所,(04)22705412,臺中市太平區光隆里興隆路一段248號
396,太平區,合約醫療院所,天乙診所,(04)22760110,臺中市太平區太平里新仁路一段154號
397,太平區,合約醫療院所,新福診所,(04)23952945,臺中市太平區新福十街1-1號之1
398,豐原區,衛生所,臺中市豐原區衛生所,(04)25261170,臺中市豐原區中興路136號
399,豐原區,合約醫療院所,衛生福利部豐原醫院,(04)25271180,臺中市豐原區安康路100號
400,豐原區,合約醫療院所,杏豐醫院,(04)25234112,臺中市豐原區三民路106號
401,豐原區,合約醫療院所,漢忠醫院,(04)25222209,臺中市豐原區中正路218號
402,豐原區,合約醫療院所,豐安醫院,(04)25231181,臺中市豐原區中正路115號
403,豐原區,合約醫療院所,中國醫藥大學附設醫院豐原分院,(04)25222538,臺中市豐原區中正路199號
404,豐原區,合約醫療院所,惠盛醫院,(04)25229100,臺中市豐原區中正路268號
405,豐原區,合約醫療院所,祥恩醫院,(04)25255522,臺中市豐原區中興路35號
406,豐原區,合約醫療院所,新惠生醫院,(04)25228792,臺中市豐原區圓環北路一段319號
407,豐原區,合約醫療院所,林永祥小兒科診所,(04)25250995,臺中市豐原區中正路89號
408,豐原區,合約醫療院所,豐原惠生小兒科診所,(04)25289981,臺中市豐原區圓環北路一段319-1號
409,豐原區,合約醫療院所,楊啟坤耳鼻喉科診所,(04)25279800,臺中巿豐原區豐東路16號1樓
410,豐原區,合約醫療院所,晨欣親子診所,(04)25256525,臺中市豐原區豐東路83號
411,豐原區,合約醫療院所,佳藝診所,(04)25132240,臺中市豐原區豐勢路二段388號
412,豐原區,合約醫療院所,林政光小兒科診所,(04)25263342,臺中市豐原區府前街96號
413,豐原區,合約醫療院所,長庚黃啟昌診所,(04)25287928,臺中市豐原區中正路289號
414,豐原區,合約醫療院所,許躍騰診所,(04)25222010,臺中市豐原區中正路222號
415,豐原區,合約醫療院所,許慶芳耳鼻喉科診所,(04)25292857,臺中市豐原區中山路506號
416,豐原區,合約醫療院所,佳幼診所,(04)25296336,臺中市豐原區中正路264號
417,豐原區,合約醫療院所,吳志修耳鼻喉科診所,(04)25120295,臺中市豐原區中山路347號
418,豐原區,合約醫療院所,王思博耳鼻喉科診所,(04)25155266,臺中市豐原區中正路272號
419,豐原區,合約醫療院所,林大丕小兒科診所,(04)25282345,臺中市豐原區三民路130號
420,豐原區,合約醫療院所,優生聯合婦產科診所,(04)25273395,臺中市豐原區中正路282號
421,豐原區,合約醫療院所,呂維國婦產科診所,(04)25262889,臺中市豐原區中正路348號
422,豐原區,合約醫療院所,仁德診所,(04)25278561,臺中市豐原區中山路295號
423,豐原區,合約醫療院所,呂振升內科診所,(04)25289896,臺中市豐原區圓環東路656號
424,豐原區,合約醫療院所,禾安診所,(04)25231588,臺中市豐原區永康路312號1樓
425,豐原區,合約醫療院所,豐原李耳鼻喉科診所,(04)25291915,臺中市豐原區南陽路295號
426,豐原區,合約醫療院所,中新診所,(04)25227308,臺中市豐原區中正路136號
427,豐原區,合約醫療院所,親親診所,(04)25312345,臺中市豐原區中山路162號
428,豐原區,合約醫療院所,光妍皮膚科診所,(04)25205892,臺中市豐原區中正路377號
429,豐原區,合約醫療院所,劉銘郎內科診所,(04)25159418,臺中市豐原區中正路83號
430,豐原區,合約醫療院所,陳成福診所,(04)25225049,臺中市豐原區和平街47號
431,豐原區,合約醫療院所,禾醫診所,(04)25297411,臺中市豐原區豐南街246號
432,豐原區,合約醫療院所,謝錦松內小兒科診所,(04)25241310,臺中市豐原區中正路394號
433,豐原區,合約醫療院所,謝榮吉診所,(04)25283295,臺中市豐原區南陽路299-6號
434,豐原區,合約醫療院所,永福診所,(04)25280042,臺中市豐原區中正路701號
435,豐原區,合約醫療院所,保生診所,(04)25222367,臺中市豐原區中正路317號
436,豐原區,合約醫療院所,大順診所,(04)25250667,臺中市豐原區北陽路138號
437,豐原區,合約醫療院所,祐和診所,(04)25255013,臺中市豐原區圓環東路511號
438,潭子區,衛生所,臺中市潭子區衛生所,(04)25324643,臺中市潭子區中山路二段241巷5號
439,潭子區,合約醫療院所,普霖小兒科診所,(04)25291159,臺中市潭子區復興路一段55號
440,潭子區,合約醫療院所,何孟哲診所,(04)25359173,臺中市潭子區勝利路273號
441,潭子區,合約醫療院所,家興診所,(04)25319968,臺中市潭子區中山路一段37號一樓
442,潭子區,合約醫療院所,佛教慈濟醫療財團法人台中慈濟醫院,(04)36060666,臺中市潭子區豐興路一段66、88號
443,潭子區,合約醫療院所,品安診所,(04)25350580,臺中市潭子區勝利路166號
444,潭子區,合約醫療院所,佳佑診所,(04)25336888,臺中市潭子區勝利路319號
445,潭子區,合約醫療院所,博文耳鼻喉科診所,(04)25320707,臺中市潭子區中山路一段99號
446,潭子區,合約醫療院所,賴淵聖小兒科診所,(04)25389096,臺中市潭子區福潭路508號
447,潭子區,合約醫療院所,潭子林外科診所,(04)25325879,臺中市潭子區中山路二段384-6號
448,潭子區,合約醫療院所,潭子謝小兒科內科診所,(04)25339664,臺中市潭子區中山路2段384號
449,潭子區,合約醫療院所,潭興診所,(04)25362225,臺中市潭子區潭興路二段460號
450,潭子區,合約醫療院所,丰辰診所,(04)25350967,臺中市潭子區潭興路三段110號
451,潭子區,合約醫療院所,高進診所,(04)25348088,臺中市潭子區大通街26號
452,潭子區,合約醫療院所,安泰診所,(04)25352796,臺中市潭子區潭興路三段85號
453,潭子區,合約醫療院所,林明亮診所,(04)25322246,臺中市潭子區頭張路一段3號
454,潭子區,合約醫療院所,淨新診所,(04)25333399,臺中市潭子區中山路二段391巷5號
455,潭子區,合約醫療院所,游振國小兒科診所,(04)25321233,臺中市潭子區雅潭路一段165號
456,潭子區,合約醫療院所,林啓忠診所,(04)25377563,臺中市潭子區福潭路503號
457,潭子區,合約醫療院所,周肇銘診所,(04)25335451,臺中市潭子區中山路二段394號
458,潭子區,合約醫療院所,泰昌診所,(04)25329061,臺中市潭子區頭張路一段88號
459,潭子區,合約醫療院所,全球健康診所,(04)25340212,臺中市潭子區南環路5號
460,潭子區,合約醫療院所,人愛診所,(04)25368299,臺中市潭子區潭興路2段394號
461,潭子區,合約醫療院所,林田診所,(04)25380218,臺中市潭子區合作街53號
462,大雅區,衛生所,臺中市大雅區衛生所,(04)25661091,臺中市大雅區中清東路232號
463,大雅區,合約醫療院所,林釗尚小兒科診所,(04)25600313,臺中市大雅區大雅路151號
464,大雅區,合約醫療院所,廖耳鼻喉科診所,(04)25694118,臺中市大雅區民興街25號
465,大雅區,合約醫療院所,大中小兒科診所,(04)25607116,臺中市大雅區雅潭路四段711號
466,大雅區,合約醫療院所,愛生家庭醫學科診所,(04)25601402,臺中市大雅區學府路417號
467,大雅區,合約醫療院所,吳耳鼻喉科診所,(04)25683001,臺中市大雅區學府路333號
468,大雅區,合約醫療院所,緻為耳鼻喉科診所,(04)25668655,臺中市大雅區雅環路一段338號
469,大雅區,合約醫療院所,得康診所,(04)25609961,臺中市大雅區雅環路三段57號
470,大雅區,合約醫療院所,長榮耳鼻喉科診所,(04)25669988,臺中市大雅區雅潭路四段822號
471,大雅區,合約醫療院所,清泉醫院,(04)25605600,臺中市大雅區雅潭路四段80號
472,大雅區,合約醫療院所,維弘復健科診所,(04)25605988,臺中市大雅區民興街63號
473,大雅區,合約醫療院所,雅林診所,(04)25687742,臺中市大雅區神林南路633號
474,大雅區,合約醫療院所,長安診所,(04)25609988,臺中市大雅區民興街57號
475,大雅區,合約醫療院所,台光診所,(04)25674548,臺中市大雅區民生路一段71號1樓
476,大雅區,合約醫療院所,國光內科診所,(04)25685099,臺中市大雅區中清東路75號
477,大雅區,合約醫療院所,宗澤診所,(04)25683943,臺中市大雅區中山北路492號
478,大雅區,合約醫療院所,陳台祝診所,(04)25680299,臺中市大雅區學府路171號
479,清水區,衛生所,臺中市清水區衛生所,(04)26222639,臺中市清水區中山路92號
480,清水區,合約醫療院所,楊超博診所,(04)26229595,臺中市清水區中山路151-8號
481,清水區,合約醫療院所,萬安診所,(04)26227823,臺中市清水區中山路126-2號
482,清水區,合約醫療院所,清水祥和診所,(04)26232191,臺中市清水區五權東路81號
483,清水區,合約醫療院所,紀小兒科內科診所,(04)26228596,臺中市清水區中興街66號
484,清水區,合約醫療院所,順風耳鼻喉科,(04)26226161,臺中市清水區鎮南街41號
485,清水區,合約醫療院所,明哲診所,(04)26227661,臺中市清水區中山路449-1號
486,清水區,合約醫療院所,林澤民小兒科診所,(04)26233935,臺中市清水區中山路242-1號
487,清水區,合約醫療院所,林玉彪診所,(04)26233880,臺中市清水區光華路135號
488,清水區,合約醫療院所,德安診所,(04)26223169,臺中市清水區鰲峰路36-3號
489,清水區,合約醫療院所,嘉佑診所,(04)26275066,臺中市清水區高美路117-3號
490,清水區,合約醫療院所,清水區向陽耳鼻喉科診所,(04)26228595,臺中市清水區中山路243-2號
491,清水區,合約醫療院所,陳振昆診所,(04)26225205,臺中市清水區中山路127號
492,清水區,合約醫療院所,優醫五權健康診所,(04)26261285,臺中市清水區五權路59-5號1樓
493,清水區,合約醫療院所,顏耳鼻喉科診所,(04)26220765,臺中市清水區光復街110號
494,清水區,合約醫療院所,蔡篤煌診所,(04)26225690,臺中市清水區西寧路15號
495,清水區,合約醫療院所,何耳鼻喉科診所,(04)26221366,臺中市清水區中山路199-2號
496,清水區,合約醫療院所,全佑家庭醫學科診所,(04)26222011,臺中市清水區新興路260號
497,清水區,合約醫療院所,趙見福診所,(04)26222699,臺中市清水區鎮南街1-2號
498,清水區,合約醫療院所,陽明診所,(04)26234075,臺中市清水區光華路75號
499,清水區,合約醫療院所,蘇光緯診所,(04)26222300,臺中市清水區中山路198號
500,清水區,合約醫療院所,蔡神經科診所,(04)26222050,臺中市清水區中山路134-2號
501,清水區,合約醫療院所,回生家庭醫學科診所,(04)26222050,臺中市清水區中山路134號
502,清水區,合約醫療院所,中華博士診所,(04)26282417,臺中市清水區中華路633號2樓
503,清水區,合約醫療院所,果貿診所,(04)26265497,臺中市清水區建國路98號1樓
504,清水區,合約醫療院所,清水王婦產科診所,(04)26225909,臺中市清水區鎮南街38號
505,沙鹿區,衛生所,臺中市沙鹿區衛生所,(04)26625040,臺中市沙鹿區文昌街20號
506,沙鹿區,合約醫療院所,光田醫療社團法人光田綜合醫院,(04)26625111,臺中巿沙鹿區沙田路117號
507,沙鹿區,合約醫療院所,沙鹿李小兒科診所,(04)26657022,臺中巿沙鹿區沙田路172號
508,沙鹿區,合約醫療院所,小太陽小兒科診所,(04)26365757,臺中巿沙鹿區鎮南路二段631號
509,沙鹿區,合約醫療院所,朱博欣小兒科診所,(04)26630086,臺中巿沙鹿區中山路388-2號
510,沙鹿區,合約醫療院所,孫皓雲診所,(04)26652230,臺中巿沙鹿區北勢東路329號
511,沙鹿區,合約醫療院所,李昭儀兒科診所,(04)26366855,臺中巿沙鹿區光華路113-1號
512,沙鹿區,合約醫療院所,朝安診所,(04)26337172,臺中市沙鹿區鎮南路二段50號
513,沙鹿區,合約醫療院所,家寶兒科診所,(04)26623760,臺中巿沙鹿區中山路388-2號
514,沙鹿區,合約醫療院所,程耳鼻喉科診所,(04)26633990,臺中市沙鹿區中山路386-1號
515,沙鹿區,合約醫療院所,真善美診所,(04)26656037,臺中市沙鹿區成功東街119號
516,沙鹿區,合約醫療院所,林榮宗診所,(04)26625181,臺中市沙鹿區光大路240號
517,沙鹿區,合約醫療院所,彰仁外科家醫科診所,(04)26622902,臺中市沙鹿區大同街65號
518,沙鹿區,合約醫療院所,高銘診所,(04)26620286,臺中市沙鹿區臺灣大道7段791號
519,沙鹿區,合約醫療院所,宜家診所,(04)26629122,臺中市沙鹿區光榮街94號10樓之3
520,沙鹿區,合約醫療院所,晨安診所,(04)26520606,臺中市沙鹿區北勢東路695號
521,沙鹿區,合約醫療院所,得吉診所,(04)26520606,臺中市沙鹿區北勢東路695號
522,沙鹿區,合約醫療院所,蕭英宗耳鼻喉科診所,(04)26631879,臺中市沙鹿區中山路348號
523,沙鹿區,合約醫療院所,鎮安診所,(04)26337172,臺中市沙鹿區鎮南路二段50號
524,沙鹿區,合約醫療院所,許志煌兒科診所,(04)26623790,臺中市沙鹿區鎮南路二段50號
525,大甲區,衛生所,臺中市大甲區衛生所,(04)26872153,臺中市大甲區德興路81號
526,大甲區,合約醫療院所,錫欽診所,(04)26815785,臺中市大甲區通天路178號
527,大甲區,合約醫療院所,力倫診所,(04)26805889,臺中市大甲區蔣公路246號
528,大甲區,合約醫療院所,琉璃光診所,(04)26873051,臺中市大甲區順天路342號
529,大甲區,合約醫療院所,良安診所,(04)26819816,臺中市大甲區日南里幼四路43號
530,大甲區,合約醫療院所,小朋友小兒科診所,(04)26802025,臺中市大甲區蔣公路255號
531,大甲區,合約醫療院所,安榮診所,(04)26801295,臺中市大甲區民生路18號
532,大甲區,合約醫療院所,大元診所,(04)26802250,臺中市大甲區順天路136號
533,大甲區,合約醫療院所,青年診所,(04)26810837,臺中市大甲區日南里青年路8-1號
534,大甲區,合約醫療院所,喜月診所,(04)26881746,臺中市大甲區水源路11號
535,大甲區,合約醫療院所,岷安診所,(04)26873636,臺中市大甲區民生路9-2號
536,大甲區,合約醫療院所,佑安診所,(04)26760248,臺中市大甲區大安港路351號
537,大甲區,合約醫療院所,小熊的森林診所,(04)26805060,臺中市大甲區三民路132號
538,大甲區,合約醫療院所,宏光診所,(04)26882002,臺中市大甲區鎮政路3號
539,大甲區,合約醫療院所,昇和聯合診所,(04)26874615,臺中市大甲區文武路197-8號
540,大甲區,合約醫療院所,李綜合醫療社團法人大甲李綜合醫院,(04)26862288,臺中市大甲區八德街2號
541,大甲區,合約醫療院所,元吉診所,(04)26872012,臺中市大甲區文武路65號
542,大甲區,合約醫療院所,全信賴診所,(04)26762248,臺中市大甲區甲后路5段267號1、2樓
543,大甲區,合約醫療院所,光田醫療社團法人光田綜合醫院大甲院區,(04)26885599,臺中市大甲區經國路321號
544,龍井區,衛生所,臺中市龍井區衛生所,(04)26352228,臺中市龍井區竹坑里沙田路4段243號
545,龍井區,合約醫療院所,東海小兒科診所,(04)26521838,臺中市龍井區新東里新興路96-23號
546,龍井區,合約醫療院所,哲民診所,(04)26328421,臺中市龍井區新東里遊園南路193號
547,龍井區,合約醫療院所,崇祐診所,(04)26321081,臺中市龍井區新東里新興路45-2號
548,龍井區,合約醫療院所,祐晟診所,(04)26326408,臺中市龍井區東海里國際街111號
549,龍井區,合約醫療院所,魏嘉慶家醫科診所,(04)26330053,臺中市龍井區新東里臺灣大道五段109巷29號
550,龍井區,合約醫療院所,龍心診所,(04)26303087,臺中市龍井區三德里中央路二段137號
551,龍井區,合約醫療院所,宏升診所,(04)26390258,臺中市龍井區龍津里中央路一段212-1號
552,龍井區,合約醫療院所,龍安診所,(04)26390685,臺中市龍井區龍東里文昌路433號
553,龍井區,合約醫療院所,博仁家庭醫學科診所,(04)26352253,臺中市龍井區龍泉里沙田路5段45號
554,龍井區,合約醫療院所,惟仁耳鼻喉科診所,(04)26315160,臺中市龍井區新庄里遊園南路250號
555,龍井區,合約醫療院所,崇安診所,(04)26525927,臺中市龍井區新東里遊園南路199號
556,龍井區,合約醫療院所,育恩診所,(04)26528860,臺中市龍井區新庄里遊園南路339之34號
557,龍井區,合約醫療院所,悅亘診所,(04)26524750,臺中市龍井區臺灣大道五段107號
558,烏日區,衛生所,臺中市烏日區衛生所,(04)23381027,臺中市烏日區長樂街136號
559,烏日區,合約醫療院所,烏日林新醫院,(04)23388766,臺中市烏日區榮和路168號
560,烏日區,合約醫療院所,德昌小兒科診所,(04)23372686,臺中市烏日區中山路一段297號
561,烏日區,合約醫療院所,順馨診所,(04)23360115,臺中市烏日區中山路二段335號
562,烏日區,合約醫療院所,施建成診所,(04)23363590,臺中市烏日區中山路一段455號
563,烏日區,合約醫療院所,英和診所,(04)23376998,臺中市烏日區中山路一段367號1樓
564,烏日區,合約醫療院所,烏日澄清醫院,(04)23376232,臺中市烏日區光明路419號
565,烏日區,合約醫療院所,全能家醫科診所,(04)23362629,臺中市烏日區公園路240號
566,烏日區,合約醫療院所,學田診所,(04)23366809,臺中市烏日區學田路便行巷43號1樓
567,烏日區,合約醫療院所,松群診所,(04)23386690,臺中市烏日區公園路88號
568,烏日區,合約醫療院所,烏日林新醫院,(04)23388766,臺中市烏日區榮和路168號
569,烏日區,合約醫療院所,德昌小兒科診所,(04)23372686,臺中市烏日區中山路二段335號
570,烏日區,合約醫療院所,順馨診所,(04)23360115,臺中市烏日區中山路一段297號
571,烏日區,合約醫療院所,施建成診所,(04)23363590,臺中市烏日區中山路一段455號
572,烏日區,合約醫療院所,英和診所,(04)23376998,臺中市烏日區中山路一段367號1樓
573,烏日區,合約醫療院所,烏日澄清醫院,(04)23376232,臺中市烏日區光明路419號
574,烏日區,合約醫療院所,全能家醫科診所,(04)23362629,臺中市烏日區公園路240號
575,烏日區,合約醫療院所,學田診所,(04)23366809,臺中市烏日區學田路便行巷43號1樓
576,烏日區,合約醫療院所,松群診所,(04)23386690,臺中市烏日區公園路88號
577,神岡區,衛生所,臺中市神岡區衛生所,(04)25622792,臺中市神岡區神岡路2號
578,神岡區,合約醫療院所,林炳麟診所,(04)25610165,臺中市神岡區神岡路24號
579,神岡區,合約醫療院所,劉俊欣耳鼻喉科診所,(04)25633797,臺中市神岡區神岡路88巷12號1樓
580,神岡區,合約醫療院所,林政益小兒科診所,(04)25152765,臺中市神岡區中山路33號
581,神岡區,合約醫療院所,晉安診所,(04)25632666,臺中市神岡區中山路906號
582,神岡區,合約醫療院所,文政診所,(04)25630193,臺中市神岡區文政街56號
583,神岡區,合約醫療院所,祥祐診所,(04)25201825,臺中市神岡區五權路69號
584,神岡區,合約醫療院所,李敦錦聯合診所,(04)25617382,臺中市神岡區民生路40-2號
585,神岡區,合約醫療院所,祈安聯合診所,(04)25625470,臺中市神岡區民生路27號
586,神岡區,合約醫療院所,欣源美診所,(04)25633059,臺中市神岡區神岡路45-1號
587,神岡區,合約醫療院所,陳忠義診所,(04)25628672,臺中市神岡區民生路22號
588,霧峰區,衛生所,臺中市霧峰區衛生所,(04)23393022,臺中市霧峰區民生路1-9號
589,霧峰區,合約醫療院所,亞洲大學附屬醫院,(04)23339888,臺中市霧峰區福新路222號
590,霧峰區,合約醫療院所,蔡明哲小兒科診所,(04)23338728,臺中市霧峰區中正路1102號
591,霧峰區,合約醫療院所,劉暄峰小兒科診所,(04)23332418,臺中市霧峰區中正路1141號
592,霧峰區,合約醫療院所,謝煌德小兒科診所,(04)23314766,臺中市霧峰區中正路988號1樓
593,霧峰區,合約醫療院所,合康診所,(04)23330268,臺中市霧峰區中正路802-1號
594,霧峰區,合約醫療院所,天仁小兒科診所,(04)23336678,臺中市霧峰區中正路969號
595,霧峰區,合約醫療院所,金寶貝診所,(04)23303008,臺中市霧峰區中正路882號
596,霧峰區,合約醫療院所,本堂澄清醫院,(04)23390000,臺中市霧峰區中正路718號
597,霧峰區,合約醫療院所,陳儀崇診所,(04)23391349,臺中市霧峰區萊園路6-1號
598,霧峰區,合約醫療院所,平奚診所,(04)23332684,臺中市霧峰區四德路408號
599,大肚區,衛生所,臺中市大肚區衛生所,(04)26992111,臺中市大肚區榮華街1號
600,大肚區,合約醫療院所,欣民診所,(04)26983481,臺中市大肚區沙田路二段625號一樓
601,大肚區,合約醫療院所,大度診所,(04)26993637,臺中市大肚區沙田路二段621號
602,大肚區,合約醫療院所,百健診所,(04)26999920,臺中市大肚區沙田路二段614號
603,大肚區,合約醫療院所,天祐診所,(04)26930035,臺中市大肚區沙田路一段510號
604,大肚區,合約醫療院所,易昇診所,(04)26916066,臺中市大肚區遊園路二段188號
605,大肚區,合約醫療院所,自強診所,(04)26914188,臺中市大肚區遊園路二段206號
606,大肚區,合約醫療院所,明安診所,(04)26935789,臺中市大肚區沙田路一段404號
607,大肚區,合約醫療院所,其安診所,(04)26935789,臺中市大肚區沙田路一段404號
608,大肚區,合約醫療院所,培安診所,(04)26935789,臺中市大肚區沙田路一段404號
609,梧棲區,衛生所,臺中市梧棲區衛生所,(04)26562809,臺中市梧棲區中正里雲集街70巷3號
610,梧棲區,合約醫療院所,童綜合醫療社團法人童綜合醫院,(04)26581919,臺中市梧棲區臺灣大道八段699號
611,梧棲區,合約醫療院所,明德醫院,(04)26579595,臺中市梧棲區仁美街33巷50號
612,梧棲區,合約醫療院所,忠港醫院,(04)26580298,臺中市梧棲區中興路49號
613,梧棲區,合約醫療院所,啟恩診所,(04)26562268,臺中市梧棲區中和街81號
614,梧棲區,合約醫療院所,明生診所,(04)26561456,臺中市梧棲區中央路一段931號
615,梧棲區,合約醫療院所,瑞比診所,(04)26576117,臺中市梧棲區港埠路一段827巷2號
616,梧棲區,合約醫療院所,安心診所,(04)26562059,臺中市梧棲區港埠路一段1115號
617,梧棲區,合約醫療院所,義德診所,(04)26577657,臺中市梧棲區文昌路164號
618,后里區,衛生所,臺中市后里區衛生所,(04)25562048,臺中市后里區公安路86號
619,后里區,合約醫療院所,吉泰診所,(04)25585980,臺中市后里區甲后路一段165號1樓、167號1樓
620,后里區,合約醫療院所,后里維恩耳鼻喉科診所,(04)25586608,臺中市后里區甲后路一段480號1樓
621,后里區,合約醫療院所,光仁診所,(04)25562501,臺中市后里區三豐路4段17號1樓
622,后里區,合約醫療院所,后安診所,(04)25587800,臺中市后里區甲后路一段315號1樓
623,后里區,合約醫療院所,甲后莊醫師診所,(04)25586608,臺中市后里區甲后路一段480號1樓
624,后里區,合約醫療院所,施博元診所,(04)25572699,臺中市后里區民生路220號
625,后里區,合約醫療院所,蕭天讚小兒科診所,(04)25584352,臺中市后里區甲后路一段589號1樓
626,后里區,合約醫療院所,張偉煌診所,(04)25580008,臺中市后里區三豐路三段1070號1樓
627,后里區,合約醫療院所,國泰診所,(04)25577378,臺中市后里區甲后路一段255號1樓
628,后里區,合約醫療院所,資生診所,(04)25562059,臺中市后里區四村路61號
629,后里區,合約醫療院所,嘉家診所,(04)25572687,臺中市后里區民生路82號1樓
630,后里區,合約醫療院所,后豐診所,(04)25585358,臺中市后里區三豐路四段61號1、2、3樓
631,東勢區,衛生所,臺中市東勢區衛生所,(04)25873872,臺中市東勢區豐勢路490號
632,東勢區,合約醫療院所,長頸鹿小兒科診所,(04)25771809,臺中市東勢區南平里豐勢路418號
633,東勢區,合約醫療院所,湯瑪仕小兒科診所,(04)25772366,臺中市東勢區東安里豐勢路445號
634,東勢區,合約醫療院所,東勢潘耳鼻喉科,(04)25880587,臺中市東勢區中寧里豐勢路496號
635,東勢區,合約醫療院所,維恩耳鼻喉科診所,(04)25885413,臺中市東勢區南平里豐勢號372號
636,東勢區,合約醫療院所,東勢農會附屬農民醫院,(04)25771919,臺中市東勢區南平里豐勢路297號
637,東勢區,合約醫療院所,東勢蔡外科診所,(04)25886596,臺中市東勢區中寧里豐勢路510號
638,東勢區,合約醫療院所,一民診所,(04)25875170,臺中市東勢區上新里三民街48號
639,東勢區,合約醫療院所,東勢朱永泰診所,(04)25871700,臺中市東勢區延平里豐勢路172號
640,東勢區,合約醫療院所,張徳旺耳鼻喉科診所,(04)25872206,臺中市東勢區北興里豐勢路559號
641,東勢區,合約醫療院所,陳瑞明診所,(04)25888355,臺中市東勢區北興里豐勢路548號
642,外埔區,衛生所,臺中市外埔區衛生所,(04)26833208,臺中市外埔區甲后路三段1062號
643,外埔區,合約醫療院所,佳優診所,(04)26832807,臺中市外埔區甲后路三段1042號
644,外埔區,合約醫療院所,外埔診所,(04)26878660,臺中市外埔區水美路20-3號
645,外埔區,合約醫療院所,康強診所,(04)26878660,臺中市外埔區水美路20－3號1樓
646,新社區,衛生所,臺中市新社區衛生所,(04)25811704,臺中市新社區興社街四段1號
647,新社區,合約醫療院所,安家安宏診所,(04)25816299,臺中市新社區中興里中興嶺85號
648,新社區,合約醫療院所,興安診所,(04)25816740,臺中市新社區興安路49-2號
649,大安區,衛生所,臺中市大安區衛生所,(04)26713681,臺中市大安區中山南路333號
650,大安區,合約醫療院所,安田診所,(04)26713527,臺中市大安區中山南路281號
651,石岡區,衛生所,臺中市石岡區衛生所,(04)25721887,臺中市石岡區石岡街6號
652,石岡區,合約醫療院所,清海醫院,(04)25721694,臺中市石岡區金星里下坑巷41-2號
653,和平區,衛生所,臺中市和平區衛生所,(04)25942020,臺中市和平區南勢里東關路三段132號
654,和平區,合約醫療院所,禾康診所,(04)25941243,臺中市和平區南勢里東關路三段155號一樓
655,和平區,合約醫療院所,安康診所,(04)25942206,臺中市和平區南勢里東關路三段151-9號
656,和平區,合約醫療院所,和平診所,(04)25942020,臺中市和平區南勢里東關路三段161-6號
657,和平區梨山,衛生所,臺中市和平區梨山衛生所,(04)25989540,臺中市和平區中正路68